{
    "version": "v0.0.1",
    "robotConfiguration": {
        "mass": 56.699,
        "rotationalInertia": 6.03,
        "wheelMaxTorque": 1.07,
        "wheelMaxVelocity": 80,
        "wheelbase": 0.4953,
        "trackWidth": 0.4953,
        "bumperLength": 0.6604,
        "bumperWidth": 0.6604,
        "wheelRadius": 0.0508
    },
    "paths": {
        "NewPath": {
            "waypoints": [
                {
                    "x": 1.858852744102478,
                    "y": 5.020936965942383,
                    "heading": 0,
                    "velocityMagnitude": 0,
                    "velocityAngle": 0,
                    "translationConstrained": true,
                    "headingConstrained": true,
                    "velocityMagnitudeConstrained": false,
                    "velocityAngleConstrained": false,
                    "angularVelocity": 0,
                    "angularVelocityConstrained": false,
                    "controlIntervalCount": 0
                },
                {
                    "x": 4.217705249786377,
                    "y": 4.315485954284668,
                    "heading": 1.5707963267948966,
                    "velocityMagnitude": 0,
                    "velocityAngle": 0,
                    "translationConstrained": true,
                    "headingConstrained": true,
                    "velocityMagnitudeConstrained": false,
                    "velocityAngleConstrained": false,
                    "angularVelocity": 0,
                    "angularVelocityConstrained": false,
                    "controlIntervalCount": 0
                }
            ],
            "trajectory": [
                {
                    "timestamp": 0,
                    "x": 1.858852744102478,
                    "y": 5.020936965942383,
                    "heading": -9.914332367597729e-33,
                    "velocityX": 3.188219749188053,
                    "velocityY": -0.6855475866076166,
                    "angularVelocity": 2.544571186493169
                },
                {
                    "timestamp": 0.018217760502693327,
                    "x": 1.9170018216086857,
                    "y": 5.008426944862395,
                    "heading": 0.04658161603749997,
                    "velocityX": 3.19188944753175,
                    "velocityY": -0.6866936843383515,
                    "angularVelocity": 2.5569342637155397
                },
                {
                    "timestamp": 0.036435521005386655,
                    "x": 1.9748387737890238,
                    "y": 4.995563356519805,
                    "heading": 0.09283973997402847,
                    "velocityX": 3.1747564236442476,
                    "velocityY": -0.7061015178395592,
                    "angularVelocity": 2.5391773006177045
                },
                {
                    "timestamp": 0.05465328150807998,
                    "x": 2.032388480623417,
                    "y": 4.982322430619308,
                    "heading": 0.13879075847063918,
                    "velocityX": 3.1589890989007614,
                    "velocityY": -0.7268141382438755,
                    "angularVelocity": 2.52231982574463
                },
                {
                    "timestamp": 0.07287104201077331,
                    "x": 2.089676994702153,
                    "y": 4.968683554585645,
                    "heading": 0.1844479679615546,
                    "velocityX": 3.1446518396301304,
                    "velocityY": -0.7486582135957779,
                    "angularVelocity": 2.5061922119442452
                },
                {
                    "timestamp": 0.09108880251346664,
                    "x": 2.146731364247031,
                    "y": 4.9546287569979475,
                    "heading": 0.2298217354688102,
                    "velocityX": 3.131799297528532,
                    "velocityY": -0.7714887669985737,
                    "angularVelocity": 2.490633659419752
                },
                {
                    "timestamp": 0.10930656301615997,
                    "x": 2.2035796191804558,
                    "y": 4.940142483041231,
                    "heading": 0.2749194218473638,
                    "velocityX": 3.1204853596039084,
                    "velocityY": -0.7951731473566526,
                    "angularVelocity": 2.4754791551841038
                },
                {
                    "timestamp": 0.1275243235188533,
                    "x": 2.2602508073857424,
                    "y": 4.925211482338706,
                    "heading": 0.31974521586799776,
                    "velocityX": 3.110765903246363,
                    "velocityY": -0.8195848606264206,
                    "angularVelocity": 2.4605545788137353
                },
                {
                    "timestamp": 0.14574208402154662,
                    "x": 2.3167750618177907,
                    "y": 4.909824780136418,
                    "heading": 0.36429989853548755,
                    "velocityX": 3.102700489650819,
                    "velocityY": -0.844598994481951,
                    "angularVelocity": 2.445672872958391
                },
                {
                    "timestamp": 0.16395984452423995,
                    "x": 2.3731836954888847,
                    "y": 4.893973727028641,
                    "heading": 0.40858053170625436,
                    "velocityX": 3.096353893924271,
                    "velocityY": -0.8700879070966688,
                    "angularVelocity": 2.4306298880271457
                },
                {
                    "timestamp": 0.18217760502693328,
                    "x": 2.4295093295056267,
                    "y": 4.8776521341394,
                    "heading": 0.4525800510999114,
                    "velocityX": 3.091797919311458,
                    "velocityY": -0.8959165363287891,
                    "angularVelocity": 2.4151991342268566
                },
                {
                    "timestamp": 0.2003953655296266,
                    "x": 2.485786067901777,
                    "y": 4.860856513250535,
                    "heading": 0.496286728115089,
                    "velocityX": 3.08911396589226,
                    "velocityY": -0.921936639049727,
                    "angularVelocity": 2.3991245800336456
                },
                {
                    "timestamp": 0.21861312603231994,
                    "x": 2.542049744675453,
                    "y": 4.843586460546756,
                    "heading": 0.5396834438917653,
                    "velocityX": 3.0883969939860303,
                    "velocityY": -0.9479789077930424,
                    "angularVelocity": 2.382110346124075
                },
                {
                    "timestamp": 0.23683088653501327,
                    "x": 2.598338280565093,
                    "y": 4.825845253799919,
                    "heading": 0.5827467028102886,
                    "velocityX": 3.0897615478762086,
                    "velocityY": -0.9738412547587061,
                    "angularVelocity": 2.363806402667159
                },
                {
                    "timestamp": 0.2550486470377066,
                    "x": 2.654692173733868,
                    "y": 4.807640771752871,
                    "heading": 0.6254453680948469,
                    "velocityX": 3.0933491062440908,
                    "velocityY": -0.9992711257982493,
                    "angularVelocity": 2.3437933152236603
                },
                {
                    "timestamp": 0.2732664075403999,
                    "x": 2.7111550032413243,
                    "y": 4.788986823139937,
                    "heading": 0.6677394772136405,
                    "velocityX": 3.0993287840790655,
                    "velocityY": -1.0239430148494408,